{
  "F1": {
    "epsilon": 0.05,
    "horizons": [
      1,
      2,
      3,
      4,
      5,
      6,
      7,
      8,
      9,
      10,
      11,
      12
    ],
    "informative_horizons": [
      1,
      2,
      3,
      4,
      6
    ],
    "is_non_monotone": true,
    "peak_horizon": 1,
    "values": [
      0.6188196617113682,
      0.2962946839461833,
      0.14795267456710448,
      0.0638057684720188,
      0.047297335513705185,
      0.05819151293779612,
      0.018913049133378657,
      0.04176594288796931,
      0.02256243863100682,
      0.010864286179084637,
      0.003921602520780887,
      0.012183916969262576
    ]
  },
  "F2": {
    "ceiling_summary": "Peak MI=0.6188 at horizon 1; 11 horizon(s) exceed the non-trivial threshold (0.01).",
    "compression_warning": null,
    "dpi_warning": null,
    "forecastability_ceiling_by_horizon": [
      0.6188196617113682,
      0.2962946839461833,
      0.14795267456710448,
      0.0638057684720188,
      0.047297335513705185,
      0.05819151293779612,
      0.018913049133378657,
      0.04176594288796931,
      0.02256243863100682,
      0.010864286179084637,
      0.003921602520780887,
      0.012183916969262576
    ]
  },
  "F4": {
    "omega": 0.2344801585721673
  },
  "F6": {
    "complexity_band": "high",
    "permutation_entropy": 0.9184406051238309,
    "spectral_entropy": 0.7655198414278327
  }
}
