{
  "F3": {
    "information_values": [
      0.4118615120244442,
      0.4108205723533178,
      0.41807952435873297,
      0.3997592069634024,
      0.3724217094511033,
      0.36900775905974115,
      0.3467801854367547,
      0.323023265506146
    ],
    "plateau_detected": true,
    "recommended_lookback": 2,
    "window_sizes": [
      1,
      2,
      3,
      4,
      5,
      6,
      7,
      8
    ]
  }
}
