{
  "F1": {
    "epsilon": 0.05,
    "horizons": [
      1,
      2,
      3,
      4,
      5,
      6,
      7,
      8,
      9,
      10,
      11,
      12
    ],
    "informative_horizons": [
      1,
      2,
      3,
      4,
      5,
      6,
      7,
      8,
      9,
      10,
      11,
      12
    ],
    "is_non_monotone": true,
    "peak_horizon": 6,
    "values": [
      0.5017994735692337,
      0.14572016535063437,
      0.0765899847171676,
      0.14641906322093323,
      0.3153707265843573,
      0.5140496149499887,
      0.32040983891906194,
      0.14514813227004986,
      0.12572184839932277,
      0.11834179246297705,
      0.3199946188373608,
      0.4876624816826456
    ]
  },
  "F2": {
    "ceiling_summary": "Peak MI=0.5140 at horizon 6; 12 horizon(s) exceed the non-trivial threshold (0.01).",
    "compression_warning": null,
    "dpi_warning": null,
    "forecastability_ceiling_by_horizon": [
      0.5017994735692337,
      0.14572016535063437,
      0.0765899847171676,
      0.14641906322093323,
      0.3153707265843573,
      0.5140496149499887,
      0.32040983891906194,
      0.14514813227004986,
      0.12572184839932277,
      0.11834179246297705,
      0.3199946188373608,
      0.4876624816826456
    ]
  },
  "F4": {
    "omega": 0.5745683418113982
  },
  "F6": {
    "complexity_band": "medium",
    "permutation_entropy": 0.784509311267516,
    "spectral_entropy": 0.42543165818860185
  }
}
