{
  "F1": {
    "epsilon": 0.05,
    "horizons": [
      1,
      2,
      3,
      4,
      5,
      6,
      7,
      8,
      9,
      10,
      11,
      12
    ],
    "informative_horizons": [
      1,
      2,
      3,
      4,
      5,
      6,
      7,
      8,
      9,
      10,
      11,
      12
    ],
    "is_non_monotone": false,
    "peak_horizon": 1,
    "values": [
      2.511581810242323,
      2.3630716092917687,
      2.251756106692208,
      2.1606601135123,
      2.0832908686937293,
      2.0183197502408277,
      1.9658142123863205,
      1.9212798137006577,
      1.8867145095423559,
      1.8588024410952215,
      1.845541601934284,
      1.8403973146632602
    ]
  },
  "F2": {
    "ceiling_summary": "Peak MI=2.5116 at horizon 1; 12 horizon(s) exceed the non-trivial threshold (0.01).",
    "compression_warning": null,
    "dpi_warning": null,
    "forecastability_ceiling_by_horizon": [
      2.511581810242323,
      2.3630716092917687,
      2.251756106692208,
      2.1606601135123,
      2.0832908686937293,
      2.0183197502408277,
      1.9658142123863205,
      1.9212798137006577,
      1.8867145095423559,
      1.8588024410952215,
      1.845541601934284,
      1.8403973146632602
    ]
  },
  "F4": {
    "omega": 0.8208560693751507
  },
  "F6": {
    "complexity_band": "low",
    "permutation_entropy": 0.34129300700816084,
    "spectral_entropy": 0.17914393062484937
  }
}
