{
  "F1": {
    "epsilon": 0.05,
    "horizons": [
      1,
      2,
      3,
      4,
      5,
      6,
      7,
      8,
      9,
      10,
      11,
      12
    ],
    "informative_horizons": [],
    "is_non_monotone": true,
    "peak_horizon": 12,
    "values": [
      0.007574276366457688,
      0.021039307623969883,
      0.0,
      0.0,
      0.0026314817279793346,
      0.005139179144387107,
      0.0,
      0.013808057652194172,
      0.004393247463638339,
      0.00026706193382342036,
      0.0,
      0.04389718492810424
    ]
  },
  "F2": {
    "ceiling_summary": "Peak MI=0.0439 at horizon 12; 3 horizon(s) exceed the non-trivial threshold (0.01).",
    "compression_warning": null,
    "dpi_warning": null,
    "forecastability_ceiling_by_horizon": [
      0.007574276366457688,
      0.021039307623969883,
      0.0,
      0.0,
      0.0026314817279793346,
      0.005139179144387107,
      0.0,
      0.013808057652194172,
      0.004393247463638339,
      0.00026706193382342036,
      0.0,
      0.04389718492810424
    ]
  },
  "F4": {
    "omega": 0.05097228629521855
  },
  "F6": {
    "complexity_band": "high",
    "permutation_entropy": 0.9916632863682162,
    "spectral_entropy": 0.9490277137047815
  }
}
