{
  "max_lag": 3,
  "partial_curves_match": true,
  "partial_default_curve": [
    0.16049389662996116,
    0.26108871288050306,
    0.021853431588055194
  ],
  "partial_explicit_predictive_curve": [
    0.16049389662996116,
    0.26108871288050306,
    0.021853431588055194
  ],
  "raw_curves_match": true,
  "raw_default_curve": [
    0.16049389662996116,
    0.3139402012914694,
    0.4271696491987713
  ],
  "raw_explicit_predictive_curve": [
    0.16049389662996116,
    0.3139402012914694,
    0.4271696491987713
  ]
}
