frequency,model_name,mean_smape,mean_ami,mean_pami,directness_ratio
monthly,ets,11.15,0.27666666666666667,0.13916666666666666,0.503012048192771
monthly,naive,12.049999999999999,0.27666666666666667,0.13916666666666666,0.503012048192771
