model_name,horizon,spearman_ami_smape,spearman_pami_smape,delta_pami_minus_ami
ets,1,-1.0,-1.0,0.0
ets,2,-1.0,-0.7999999999999999,0.20000000000000007
ets,3,-1.0,-0.7999999999999999,0.20000000000000007
naive,1,-1.0,-1.0,0.0
naive,2,-1.0,-0.7999999999999999,0.20000000000000007
naive,3,-1.0,-0.7999999999999999,0.20000000000000007
